{
  "grid": {
    "bayWidth": 1,
    "floorHeight": 1.4,
    "postThickness": 0.12,
    "wallThickness": 0.1
  },
  "atlas": "atlas.png",
  "atlasRegions": {
    "stone": {
      "u0": 0.001953125,
      "v0": 0.0026041666666666665,
      "u1": 0.248046875,
      "v1": 0.3307291666666667
    },
    "brick": {
      "u0": 0.251953125,
      "v0": 0.0026041666666666665,
      "u1": 0.498046875,
      "v1": 0.3307291666666667
    },
    "timber": {
      "u0": 0.501953125,
      "v0": 0.0026041666666666665,
      "u1": 0.748046875,
      "v1": 0.3307291666666667
    },
    "plaster": {
      "u0": 0.751953125,
      "v0": 0.0026041666666666665,
      "u1": 0.998046875,
      "v1": 0.3307291666666667
    },
    "wood": {
      "u0": 0.001953125,
      "v0": 0.3359375,
      "u1": 0.248046875,
      "v1": 0.6640625
    },
    "thatch": {
      "u0": 0.251953125,
      "v0": 0.3359375,
      "u1": 0.498046875,
      "v1": 0.6640625
    },
    "slate": {
      "u0": 0.501953125,
      "v0": 0.3359375,
      "u1": 0.748046875,
      "v1": 0.6640625
    },
    "glass": {
      "u0": 0.751953125,
      "v0": 0.3359375,
      "u1": 0.998046875,
      "v1": 0.6640625
    },
    "woodtrim": {
      "u0": 0.001953125,
      "v0": 0.6692708333333334,
      "u1": 0.248046875,
      "v1": 0.9973958333333334
    },
    "doorwood": {
      "u0": 0.251953125,
      "v0": 0.6692708333333334,
      "u1": 0.498046875,
      "v1": 0.9973958333333334
    },
    "reed": {
      "u0": 0.501953125,
      "v0": 0.6692708333333334,
      "u1": 0.748046875,
      "v1": 0.9973958333333334
    },
    "granite": {
      "u0": 0.751953125,
      "v0": 0.6692708333333334,
      "u1": 0.998046875,
      "v1": 0.9973958333333334
    }
  },
  "parts": {
    "post": {
      "kind": "post",
      "flex": false,
      "size": {
        "x": 0.12,
        "y": 1.4,
        "z": 0.12
      }
    },
    "beam": {
      "kind": "beam",
      "flex": true,
      "size": {
        "x": 1,
        "y": 0.11,
        "z": 0.16
      }
    },
    "panel-stone": {
      "kind": "panel",
      "flex": true,
      "size": {
        "x": 1,
        "y": 1.4,
        "z": 0.1
      }
    },
    "panel-wood": {
      "kind": "panel",
      "flex": true,
      "size": {
        "x": 1,
        "y": 1.4,
        "z": 0.1
      }
    },
    "panel-plaster": {
      "kind": "panel",
      "flex": true,
      "size": {
        "x": 1,
        "y": 1.4,
        "z": 0.1
      }
    },
    "window": {
      "kind": "feature",
      "flex": false,
      "size": {
        "x": 0.75,
        "y": 0.99,
        "z": 0.18
      }
    },
    "window-short": {
      "kind": "feature",
      "flex": false,
      "size": {
        "x": 0.9,
        "y": 0.64,
        "z": 0.18
      }
    },
    "window-single": {
      "kind": "feature",
      "flex": false,
      "size": {
        "x": 0.62,
        "y": 0.84,
        "z": 0.18
      }
    },
    "window-shutter": {
      "kind": "feature",
      "flex": false,
      "size": {
        "x": 1.2,
        "y": 0.99,
        "z": 0.18
      }
    },
    "window-closed": {
      "kind": "feature",
      "flex": false,
      "size": {
        "x": 0.75,
        "y": 0.99,
        "z": 0.18
      }
    },
    "door": {
      "kind": "feature",
      "flex": false,
      "size": {
        "x": 0.74,
        "y": 1.17,
        "z": 0.07
      }
    },
    "brace": {
      "kind": "brace",
      "flex": false,
      "size": {
        "x": 0.529,
        "y": 1.01,
        "z": 0.1
      }
    },
    "brace-double": {
      "kind": "brace",
      "flex": false,
      "size": {
        "x": 0.615,
        "y": 1.056,
        "z": 0.1
      }
    },
    "eave": {
      "kind": "trim",
      "flex": true,
      "size": {
        "x": 1,
        "y": 0.08,
        "z": 0.25
      }
    },
    "eave-angled": {
      "kind": "trim",
      "flex": true,
      "size": {
        "x": 1,
        "y": 0.234,
        "z": 0.349
      }
    }
  }
}